Posted,Company Name,Skill Requirement,More Info
Postedfewdaysago;virtusa consulting services pvt. ltd.;dataanalysis_communication_problemsolving_microsoftoffice_visualizationtools_dataanalytics_dataanalyst_sql_tableau_writtencommunication;https://www.timesjobs.com/job-detail/python-virtusa-consulting-services-pvt-ltd-pune-5-to-8-yrs-jobid-uQ47cYpy12NzpSvf__PLUS__uAgZw==&source=srp 
Postedfewdaysago;SEVEN CONSULTANCY;python_mvc_sql;https://www.timesjobs.com/job-detail/python-developer-seven-consultancy-navi-mumbai-mumbai-4-to-7-yrs-jobid-IE1BS7uWMdNzpSvf__PLUS__uAgZw==&source=srp 
Postedfewdaysago;art technology and software india pvt ltd;rest_python_database_django_api;https://www.timesjobs.com/job-detail/python-developer-art-technology-and-software-india-pvt-ltd-cochin-kochi-ernakulam-2-to-3-yrs-jobid-LwuulL9CkdpzpSvf__PLUS__uAgZw==&source=srp 
Postedfewdaysago;CONNECTING 2 WORK;rest_python_django_mongodb;https://www.timesjobs.com/job-detail/python-trainer-connecting-2-work-calicut-kozhikode-0-to-3-yrs-jobid-MFJXBwZBWVhzpSvf__PLUS__uAgZw==&source=srp 
Postedfewdaysago;east india securities ltd.;python_hadoop_machinelearning;https://www.timesjobs.com/job-detail/python-engineer-east-india-securities-ltd-kolkata-2-to-5-yrs-jobid-O9JSjUglX3hzpSvf__PLUS__uAgZw==&source=srp 
Postedfewdaysago;LAKSH HUMAN RESOURCE;rest_python_django_git;https://www.timesjobs.com/job-detail/python-developer-laksh-human-resource-mumbai-1-to-3-yrs-jobid-uUEqcx71MRdzpSvf__PLUS__uAgZw==&source=srp 
Postedfewdaysago;xonier technologies pvt ltd;python_django_testingtools_debugging_storage;https://www.timesjobs.com/job-detail/python-developer-xonier-technologies-pvt-ltd-noida-greater-noida-2-to-5-yrs-jobid-zOHQ8Tw7IgRzpSvf__PLUS__uAgZw==&source=srp 
Postedfewdaysago;day1 technologies;rest_python_django_git_postgresql_sql_docker;https://www.timesjobs.com/job-detail/python-developer-day1-technologies-bengaluru-bangalore-2-to-3-yrs-jobid-5yTMsjn5vkJzpSvf__PLUS__uAgZw==&source=srp 
Postedfewdaysago;virtusa consulting services pvt. ltd.;**automationtesting_functionaltesting_python_unittesting_debugging**_qa;https://www.timesjobs.com/job-detail/qa-python-virtusa-consulting-services-pvt-ltd-7-to-8-yrs-jobid-zEEHRt7djcxzpSvf__PLUS__uAgZw==&source=srp 
Postedfewdaysago;DREAMAJAX TECHNOLOGIES;python_django_api_sql_nosql;https://www.timesjobs.com/job-detail/python-developer-dreamajax-technologies-bengaluru-bangalore-4-to-7-yrs-jobid-55iKtddZNCdzpSvf__PLUS__uAgZw==&source=srp 
Postedfewdaysago;Datagrid Solutions;python_database_django_mysql_api;https://www.timesjobs.com/job-detail/python-developer-datagrid-solutions-mumbai-2-to-3-yrs-jobid-hdLfInxHIFxzpSvf__PLUS__uAgZw==&source=srp 
Postedfewdaysago;zenga tv;python_django_html5_javascript;https://www.timesjobs.com/job-detail/python-developer-zenga-tv-gurgaon-2-to-5-yrs-jobid-cQGeFhRqgNdzpSvf__PLUS__uAgZw==&source=srp 
Postedfewdaysago;INFINITY GROUP;python_css_django_html_bootstrap;https://www.timesjobs.com/job-detail/python-developer-infinity-group-noida-greater-noida-2-to-5-yrs-jobid-WKzksjq__PLUS__GXxzpSvf__PLUS__uAgZw==&source=srp 
Postedfewdaysago;3RI Technologies Pvt Ltd;python_Pandas_PyQt5_Matplotlib_Openpyxl;https://www.timesjobs.com/job-detail/python-programmer-3ri-technologies-pvt-ltd-pune-0-to-1-yrs-jobid-vZNYzFWGBAdzpSvf__PLUS__uAgZw==&source=srp 
Postedfewdaysago;virtusa consulting services pvt. ltd.;pythondeveloper_hadoop_bigdata_pyspark_etltools_hive_hdfs_hbase;https://www.timesjobs.com/job-detail/python-developer-virtusa-consulting-services-pvt-ltd-chennai-5-to-8-yrs-jobid-59s9mmDXOiZzpSvf__PLUS__uAgZw==&source=srp 
Postedfewdaysago;CONNECTING 2 WORK;python_storage_django_testingtools_debugging;https://www.timesjobs.com/job-detail/python-developer-connecting-2-work-thiruvananthapuram-5-to-10-yrs-jobid-15ymTnn475xzpSvf__PLUS__uAgZw==&source=srp 
Postedfewdaysago;CONNECTING 2 WORK;database_python_css_restapi_html_javascript;https://www.timesjobs.com/job-detail/python-developer-connecting-2-work-cochin-kochi-ernakulam-2-to-3-yrs-jobid-CZYubAVhafJzpSvf__PLUS__uAgZw==&source=srp 
